<?xml version="1.0" encoding="utf-8"?>
<feed xmlns="http://www.w3.org/2005/Atom">
  <title>CiKian</title>
  
  <subtitle>Cikian</subtitle>
  <link href="http://cikian.github.io/atom.xml" rel="self"/>
  
  <link href="http://cikian.github.io/"/>
  <updated>2022-03-02T11:31:26.186Z</updated>
  <id>http://cikian.github.io/</id>
  
  <author>
    <name>Cikian</name>
    
  </author>
  
  <generator uri="https://hexo.io/">Hexo</generator>
  
  <entry>
    <title>JDK配置环境变量+eclipse安装使用</title>
    <link href="http://cikian.github.io/2022/03/01/jdk-pei-zhi-huan-jing-bian-liang-eclipse-an-zhuang-shi-yong/"/>
    <id>http://cikian.github.io/2022/03/01/jdk-pei-zhi-huan-jing-bian-liang-eclipse-an-zhuang-shi-yong/</id>
    <published>2022-03-01T11:05:35.000Z</published>
    <updated>2022-03-02T11:31:26.186Z</updated>
    
    
      
      
        
        
    <summary type="html">&lt;h2 id=&quot;一、下载JDK&quot;&gt;&lt;a href=&quot;#一、下载JDK&quot; class=&quot;headerlink&quot; title=&quot;一、下载JDK&quot;&gt;&lt;/a&gt;一、下载JDK&lt;/h2&gt;&lt;ol&gt;
&lt;li&gt;访问Oracle官网下载最新版JDK&lt;a</summary>
        
      
    
    
    
    <category term="教程" scheme="http://cikian.github.io/categories/%E6%95%99%E7%A8%8B/"/>
    
    
    <category term="JDK" scheme="http://cikian.github.io/tags/JDK/"/>
    
    <category term="配置" scheme="http://cikian.github.io/tags/%E9%85%8D%E7%BD%AE/"/>
    
  </entry>
  
  <entry>
    <title>JavaScript—动画</title>
    <link href="http://cikian.github.io/2022/02/15/javascript-dong-hua/"/>
    <id>http://cikian.github.io/2022/02/15/javascript-dong-hua/</id>
    <published>2022-02-15T07:12:07.000Z</published>
    <updated>2022-02-18T17:56:19.479Z</updated>
    
    
      
      
        
        
    <summary type="html">&lt;h1 id=&quot;JavaScript—动画&quot;&gt;&lt;a href=&quot;#JavaScript—动画&quot; class=&quot;headerlink&quot; title=&quot;JavaScript—动画&quot;&gt;&lt;/a&gt;JavaScript—动画&lt;/h1&gt;&lt;h2 id=&quot;一、动画原理&quot;&gt;&lt;a</summary>
        
      
    
    
    
    <category term="笔记" scheme="http://cikian.github.io/categories/%E7%AC%94%E8%AE%B0/"/>
    
    <category term="JavaScript" scheme="http://cikian.github.io/categories/%E7%AC%94%E8%AE%B0/JavaScript/"/>
    
    
    <category term="JavaScript" scheme="http://cikian.github.io/tags/JavaScript/"/>
    
    <category term="动画" scheme="http://cikian.github.io/tags/%E5%8A%A8%E7%94%BB/"/>
    
  </entry>
  
  <entry>
    <title>JavaScript—作用域</title>
    <link href="http://cikian.github.io/2022/02/13/javascript-zuo-yong-yu/"/>
    <id>http://cikian.github.io/2022/02/13/javascript-zuo-yong-yu/</id>
    <published>2022-02-12T17:50:19.000Z</published>
    <updated>2022-02-12T18:51:27.407Z</updated>
    
    
      
      
        
        
    <summary type="html">&lt;h1 id=&quot;JavaScript—作用域&quot;&gt;&lt;a href=&quot;#JavaScript—作用域&quot; class=&quot;headerlink&quot;</summary>
        
      
    
    
    
    <category term="笔记" scheme="http://cikian.github.io/categories/%E7%AC%94%E8%AE%B0/"/>
    
    <category term="JavaScript" scheme="http://cikian.github.io/categories/%E7%AC%94%E8%AE%B0/JavaScript/"/>
    
    
    <category term="JavaScript" scheme="http://cikian.github.io/tags/JavaScript/"/>
    
  </entry>
  
  <entry>
    <title>JavaScript—函数</title>
    <link href="http://cikian.github.io/2022/02/13/javascript-han-shu/"/>
    <id>http://cikian.github.io/2022/02/13/javascript-han-shu/</id>
    <published>2022-02-12T17:47:36.000Z</published>
    <updated>2022-02-12T17:49:04.259Z</updated>
    
    
      
      
        
        
    <summary type="html">&lt;h1 id=&quot;JavaScript—函数&quot;&gt;&lt;a href=&quot;#JavaScript—函数&quot; class=&quot;headerlink&quot; title=&quot;JavaScript—函数&quot;&gt;&lt;/a&gt;JavaScript—函数&lt;/h1&gt;&lt;h2 id=&quot;一、函数的概念&quot;&gt;&lt;a</summary>
        
      
    
    
    
    <category term="笔记" scheme="http://cikian.github.io/categories/%E7%AC%94%E8%AE%B0/"/>
    
    <category term="JavaScript" scheme="http://cikian.github.io/categories/%E7%AC%94%E8%AE%B0/JavaScript/"/>
    
    
    <category term="JavaScript" scheme="http://cikian.github.io/tags/JavaScript/"/>
    
    <category term="函数" scheme="http://cikian.github.io/tags/%E5%87%BD%E6%95%B0/"/>
    
  </entry>
  
  <entry>
    <title>JavaScript—数组</title>
    <link href="http://cikian.github.io/2022/02/11/javascript-shu-zu/"/>
    <id>http://cikian.github.io/2022/02/11/javascript-shu-zu/</id>
    <published>2022-02-10T16:50:28.000Z</published>
    <updated>2022-02-12T17:39:26.697Z</updated>
    
    
      
      
        
        
    <summary type="html">&lt;h1 id=&quot;JavaScript-数组&quot;&gt;&lt;a href=&quot;#JavaScript-数组&quot; class=&quot;headerlink&quot; title=&quot;JavaScript-数组&quot;&gt;&lt;/a&gt;JavaScript-数组&lt;/h1&gt;&lt;h2 id=&quot;一、创建数组&quot;&gt;&lt;a</summary>
        
      
    
    
    
    <category term="笔记" scheme="http://cikian.github.io/categories/%E7%AC%94%E8%AE%B0/"/>
    
    <category term="JavaScript" scheme="http://cikian.github.io/categories/%E7%AC%94%E8%AE%B0/JavaScript/"/>
    
    
    <category term="JavaScript" scheme="http://cikian.github.io/tags/JavaScript/"/>
    
    <category term="数组" scheme="http://cikian.github.io/tags/%E6%95%B0%E7%BB%84/"/>
    
  </entry>
  
  <entry>
    <title>网站分享（持续更新）</title>
    <link href="http://cikian.github.io/2022/02/10/wang-zhan-fen-xiang/"/>
    <id>http://cikian.github.io/2022/02/10/wang-zhan-fen-xiang/</id>
    <published>2022-02-09T16:07:09.000Z</published>
    <updated>2022-02-09T19:34:35.865Z</updated>
    
    
      
      
        
        
    <summary type="html">&lt;h1 id=&quot;网站分享（持续更新）&quot;&gt;&lt;a href=&quot;#网站分享（持续更新）&quot; class=&quot;headerlink&quot;</summary>
        
      
    
    
    
    <category term="分享" scheme="http://cikian.github.io/categories/%E5%88%86%E4%BA%AB/"/>
    
    
    <category term="网站" scheme="http://cikian.github.io/tags/%E7%BD%91%E7%AB%99/"/>
    
    <category term="资源" scheme="http://cikian.github.io/tags/%E8%B5%84%E6%BA%90/"/>
    
    <category term="工具" scheme="http://cikian.github.io/tags/%E5%B7%A5%E5%85%B7/"/>
    
    <category term="推荐" scheme="http://cikian.github.io/tags/%E6%8E%A8%E8%8D%90/"/>
    
  </entry>
  
  <entry>
    <title>Linux命令 （更新中）</title>
    <link href="http://cikian.github.io/2022/02/08/linux-ming-ling/"/>
    <id>http://cikian.github.io/2022/02/08/linux-ming-ling/</id>
    <published>2022-02-07T16:47:10.000Z</published>
    <updated>2022-02-08T18:12:03.154Z</updated>
    
    
      
      
        
        
    <summary type="html">&lt;h1 id=&quot;Linux命令&quot;&gt;&lt;a href=&quot;#Linux命令&quot; class=&quot;headerlink&quot; title=&quot;Linux命令&quot;&gt;&lt;/a&gt;Linux命令&lt;/h1&gt;&lt;h2 id=&quot;一、&quot;&gt;&lt;a href=&quot;#一、&quot; class=&quot;headerlink&quot;</summary>
        
      
    
    
    
    <category term="笔记" scheme="http://cikian.github.io/categories/%E7%AC%94%E8%AE%B0/"/>
    
    
    <category term="Linux" scheme="http://cikian.github.io/tags/Linux/"/>
    
    <category term="命令" scheme="http://cikian.github.io/tags/%E5%91%BD%E4%BB%A4/"/>
    
  </entry>
  
  <entry>
    <title>MarkDown语法</title>
    <link href="http://cikian.github.io/2022/02/06/markdown-yu-fa/"/>
    <id>http://cikian.github.io/2022/02/06/markdown-yu-fa/</id>
    <published>2022-02-06T13:01:25.000Z</published>
    <updated>2022-03-02T10:06:30.140Z</updated>
    
    
      
      
        
        
    <summary type="html">&lt;h1 id=&quot;MarkDown语法&quot;&gt;&lt;a href=&quot;#MarkDown语法&quot; class=&quot;headerlink&quot; title=&quot;MarkDown语法&quot;&gt;&lt;/a&gt;MarkDown语法&lt;/h1&gt;&lt;h2 id=&quot;一、标题&quot;&gt;&lt;a href=&quot;#一、标题&quot;</summary>
        
      
    
    
    
    <category term="笔记" scheme="http://cikian.github.io/categories/%E7%AC%94%E8%AE%B0/"/>
    
    
    <category term="MarkDown" scheme="http://cikian.github.io/tags/MarkDown/"/>
    
    <category term="语法" scheme="http://cikian.github.io/tags/%E8%AF%AD%E6%B3%95/"/>
    
  </entry>
  
</feed>
